[{"model": "contenttypes.contenttype", "pk": 1, "fields": {"app_label": "admin", "model": "logentry"}}, {"model": "contenttypes.contenttype", "pk": 2, "fields": {"app_label": "auth", "model": "permission"}}, {"model": "contenttypes.contenttype", "pk": 3, "fields": {"app_label": "auth", "model": "group"}}, {"model": "contenttypes.contenttype", "pk": 4, "fields": {"app_label": "auth", "model": "user"}}, {"model": "contenttypes.contenttype", "pk": 5, "fields": {"app_label": "contenttypes", "model": "contenttype"}}, {"model": "contenttypes.contenttype", "pk": 6, "fields": {"app_label": "sessions", "model": "session"}}, {"model": "contenttypes.contenttype", "pk": 7, "fields": {"app_label": "flashcard", "model": "entry"}}, {"model": "contenttypes.contenttype", "pk": 8, "fields": {"app_label": "flashcard", "model": "deck"}}, {"model": "contenttypes.contenttype", "pk": 9, "fields": {"app_label": "tags", "model": "tag"}}, {"model": "sessions.session", "pk": "6602b26rwggptez2tn9gdgd5tvynzdxs", "fields": {"session_data": "NGNhMzc0MjRlNjAxZGE0NWUwNzJmYmExNDU2YWIzYmUxY2Y0NGRlZTp7Il9hdXRoX3VzZXJfaWQiOiIxIiwiX2F1dGhfdXNlcl9iYWNrZW5kIjoiZGphbmdvLmNvbnRyaWIuYXV0aC5iYWNrZW5kcy5Nb2RlbEJhY2tlbmQiLCJfYXV0aF91c2VyX2hhc2giOiI0YzgwYmZhMjhhMzZjZjUyNzgxN2NkY2Q1NWM4Mjc3YzgxMjY4M2RhIn0=", "expire_date": "2019-11-07T15:03:01.140Z"}}, {"model": "sessions.session", "pk": "fuq3tjwsdffw5dszzagr0g6uh129zzq3", "fields": {"session_data": "Y2U5OTk3NDMzODE1ZmI4Y2YwMzRmZTZlMGIyZmRkYTQzMTNlZDEwMDp7Il9hdXRoX3VzZXJfaWQiOiIxIiwiX2F1dGhfdXNlcl9iYWNrZW5kIjoiZGphbmdvLmNvbnRyaWIuYXV0aC5iYWNrZW5kcy5Nb2RlbEJhY2tlbmQiLCJfYXV0aF91c2VyX2hhc2giOiIwMjRlOWQ5YTkxOGIwYWYwNGQ2OTA3NTcyMDEzMDdjYjljOThiYzBhIn0=", "expire_date": "2019-09-24T14:28:31.053Z"}}, {"model": "sessions.session", "pk": "ybif0nzb4kafnwdfwqccj4o2vpmo2uqb", "fields": {"session_data": "MGMxY2E5NTYzZGQ4NWY5NWUxNWVkMjYwODdkZDYwODMyZGQzZTllODp7Il9hdXRoX3VzZXJfaWQiOiIyIiwiX2F1dGhfdXNlcl9iYWNrZW5kIjoiZGphbmdvLmNvbnRyaWIuYXV0aC5iYWNrZW5kcy5Nb2RlbEJhY2tlbmQiLCJfYXV0aF91c2VyX2hhc2giOiJmNTcyY2E2NWM1ZDQ1YWNlOTJhMGIwMDc2ODg1YjcwYTMyOWRmY2Q4In0=", "expire_date": "2019-08-25T17:18:29.124Z"}}, {"model": "auth.permission", "pk": 1, "fields": {"name": "Can add log entry", "content_type": 1, "codename": "add_logentry"}}, {"model": "auth.permission", "pk": 2, "fields": {"name": "Can change log entry", "content_type": 1, "codename": "change_logentry"}}, {"model": "auth.permission", "pk": 3, "fields": {"name": "Can delete log entry", "content_type": 1, "codename": "delete_logentry"}}, {"model": "auth.permission", "pk": 4, "fields": {"name": "Can view log entry", "content_type": 1, "codename": "view_logentry"}}, {"model": "auth.permission", "pk": 5, "fields": {"name": "Can add permission", "content_type": 2, "codename": "add_permission"}}, {"model": "auth.permission", "pk": 6, "fields": {"name": "Can change permission", "content_type": 2, "codename": "change_permission"}}, {"model": "auth.permission", "pk": 7, "fields": {"name": "Can delete permission", "content_type": 2, "codename": "delete_permission"}}, {"model": "auth.permission", "pk": 8, "fields": {"name": "Can view permission", "content_type": 2, "codename": "view_permission"}}, {"model": "auth.permission", "pk": 9, "fields": {"name": "Can add group", "content_type": 3, "codename": "add_group"}}, {"model": "auth.permission", "pk": 10, "fields": {"name": "Can change group", "content_type": 3, "codename": "change_group"}}, {"model": "auth.permission", "pk": 11, "fields": {"name": "Can delete group", "content_type": 3, "codename": "delete_group"}}, {"model": "auth.permission", "pk": 12, "fields": {"name": "Can view group", "content_type": 3, "codename": "view_group"}}, {"model": "auth.permission", "pk": 13, "fields": {"name": "Can add user", "content_type": 4, "codename": "add_user"}}, {"model": "auth.permission", "pk": 14, "fields": {"name": "Can change user", "content_type": 4, "codename": "change_user"}}, {"model": "auth.permission", "pk": 15, "fields": {"name": "Can delete user", "content_type": 4, "codename": "delete_user"}}, {"model": "auth.permission", "pk": 16, "fields": {"name": "Can view user", "content_type": 4, "codename": "view_user"}}, {"model": "auth.permission", "pk": 17, "fields": {"name": "Can add content type", "content_type": 5, "codename": "add_contenttype"}}, {"model": "auth.permission", "pk": 18, "fields": {"name": "Can change content type", "content_type": 5, "codename": "change_contenttype"}}, {"model": "auth.permission", "pk": 19, "fields": {"name": "Can delete content type", "content_type": 5, "codename": "delete_contenttype"}}, {"model": "auth.permission", "pk": 20, "fields": {"name": "Can view content type", "content_type": 5, "codename": "view_contenttype"}}, {"model": "auth.permission", "pk": 21, "fields": {"name": "Can add session", "content_type": 6, "codename": "add_session"}}, {"model": "auth.permission", "pk": 22, "fields": {"name": "Can change session", "content_type": 6, "codename": "change_session"}}, {"model": "auth.permission", "pk": 23, "fields": {"name": "Can delete session", "content_type": 6, "codename": "delete_session"}}, {"model": "auth.permission", "pk": 24, "fields": {"name": "Can view session", "content_type": 6, "codename": "view_session"}}, {"model": "auth.permission", "pk": 25, "fields": {"name": "Can add entry", "content_type": 7, "codename": "add_entry"}}, {"model": "auth.permission", "pk": 26, "fields": {"name": "Can change entry", "content_type": 7, "codename": "change_entry"}}, {"model": "auth.permission", "pk": 27, "fields": {"name": "Can delete entry", "content_type": 7, "codename": "delete_entry"}}, {"model": "auth.permission", "pk": 28, "fields": {"name": "Can view entry", "content_type": 7, "codename": "view_entry"}}, {"model": "auth.permission", "pk": 29, "fields": {"name": "Can add deck", "content_type": 8, "codename": "add_deck"}}, {"model": "auth.permission", "pk": 30, "fields": {"name": "Can change deck", "content_type": 8, "codename": "change_deck"}}, {"model": "auth.permission", "pk": 31, "fields": {"name": "Can delete deck", "content_type": 8, "codename": "delete_deck"}}, {"model": "auth.permission", "pk": 32, "fields": {"name": "Can view deck", "content_type": 8, "codename": "view_deck"}}, {"model": "auth.permission", "pk": 33, "fields": {"name": "Can add tag", "content_type": 9, "codename": "add_tag"}}, {"model": "auth.permission", "pk": 34, "fields": {"name": "Can change tag", "content_type": 9, "codename": "change_tag"}}, {"model": "auth.permission", "pk": 35, "fields": {"name": "Can delete tag", "content_type": 9, "codename": "delete_tag"}}, {"model": "auth.permission", "pk": 36, "fields": {"name": "Can view tag", "content_type": 9, "codename": "view_tag"}}, {"model": "auth.user", "pk": 1, "fields": {"password": "pbkdf2_sha256$150000$7mE0LN01E0qj$kGTpANvm6ruLVr8JytVau7i9GQjCiSN3FIr9hzqznPM=", "last_login": "2019-11-19T13:42:57.332Z", "is_superuser": false, "username": "erfan", "first_name": "", "last_name": "", "email": "erfan.basiri.azad@gmail.com", "is_staff": false, "is_active": true, "date_joined": "2019-08-09T12:26:58Z", "groups": [], "user_permissions": []}}, {"model": "auth.user", "pk": 2, "fields": {"password": "pbkdf2_sha256$150000$IrVS1kr4bj6z$Q7zcwDI3U2g+djwHYW1D8zrCwZGkwMufBncTDi4jFhc=", "last_login": "2019-11-05T19:59:38.988Z", "is_superuser": true, "username": "admin", "first_name": "", "last_name": "", "email": "admin@admin.com", "is_staff": true, "is_active": true, "date_joined": "2019-08-11T17:18:10.448Z", "groups": [], "user_permissions": []}}, {"model": "auth.user", "pk": 3, "fields": {"password": "pbkdf2_sha256$150000$WPpnDNUeUDES$E5JtOp9C8nhEIDkzEGTeGc57pUeAZEpUBQ8Wn1Lda7Q=", "last_login": "2019-10-16T08:35:19.173Z", "is_superuser": false, "username": "john", "first_name": "", "last_name": "", "email": "", "is_staff": false, "is_active": true, "date_joined": "2019-09-06T13:55:55Z", "groups": [], "user_permissions": []}}, {"model": "auth.user", "pk": 4, "fields": {"password": "pbkdf2_sha256$150000$QEBV929Rt1aR$VUolb78MH4NidNP1gpaVPZzeAGMHGRfMJbFZLD/3UUU=", "last_login": "2019-10-19T10:12:41.966Z", "is_superuser": false, "username": "theworldoftheness", "first_name": "", "last_name": "", "email": "menon.anamika@gmail.com", "is_staff": false, "is_active": true, "date_joined": "2019-09-07T11:18:05.189Z", "groups": [], "user_permissions": []}}, {"model": "auth.user", "pk": 5, "fields": {"password": "pbkdf2_sha256$150000$epe6j7N1P2e4$M1S6/WXv6v/GY0MlHHXF9CrbCYA40/F2YaPPxVjhL2c=", "last_login": "2019-09-10T08:38:12.194Z", "is_superuser": false, "username": "mehran", "first_name": "", "last_name": "", "email": "mehran.ahkami@outlook.com", "is_staff": false, "is_active": true, "date_joined": "2019-09-10T08:38:12.115Z", "groups": [], "user_permissions": []}}, {"model": "auth.user", "pk": 6, "fields": {"password": "pbkdf2_sha256$150000$djF3Jq09wvNg$BuY3fM0M7MD0F81vtZJFp+ovXf+TeBdgsAQ+vqU0YUo=", "last_login": "2019-09-10T09:58:07.891Z", "is_superuser": false, "username": "shanus", "first_name": "", "last_name": "", "email": "shanus@informatik.uni-freiburg.de", "is_staff": false, "is_active": true, "date_joined": "2019-09-10T09:58:07.815Z", "groups": [], "user_permissions": []}}, {"model": "auth.user", "pk": 7, "fields": {"password": "pbkdf2_sha256$150000$7AP59KnUnJyP$q0jVWFtqMafMg/BBStK6ERoHFDpbQ+SmDSjJKVOmU68=", "last_login": "2019-10-01T09:16:53.924Z", "is_superuser": false, "username": "aayush1995", "first_name": "", "last_name": "", "email": "aayushfx1995@gmail.com", "is_staff": false, "is_active": true, "date_joined": "2019-09-27T08:19:16.982Z", "groups": [], "user_permissions": []}}, {"model": "auth.user", "pk": 8, "fields": {"password": "pbkdf2_sha256$150000$Pbd4fFjG9wvI$N41mTmqtE2bz/jUmbO59nvUzWc9r5XbGh+HHC8XfS24=", "last_login": "2019-10-24T08:11:19.224Z", "is_superuser": false, "username": "mikelmrtinez", "first_name": "", "last_name": "", "email": "mikelmartipa@gmail.com", "is_staff": false, "is_active": true, "date_joined": "2019-10-24T08:11:19.144Z", "groups": [], "user_permissions": []}}, {"model": "auth.user", "pk": 9, "fields": {"password": "pbkdf2_sha256$150000$zjvSxtc5sXvD$Sz789dYNwDKH3TbiOAo2YTcEhI8nWMFWSLF3oVNis4o=", "last_login": "2019-11-19T20:02:38.803Z", "is_superuser": false, "username": "david", "first_name": "", "last_name": "", "email": "erfan.basiri.azad@gmail.com", "is_staff": false, "is_active": true, "date_joined": "2019-11-19T19:59:31.001Z", "groups": [], "user_permissions": []}}, {"model": "flashcard.deck", "pk": 12, "fields": {"name": "German - English", "created_at": "2019-09-27T11:46:47.932Z", "created_by": 1}}, {"model": "flashcard.deck", "pk": 13, "fields": {"name": "Spanish - English", "created_at": "2019-10-01T09:17:11.496Z", "created_by": 7}}, {"model": "flashcard.deck", "pk": 14, "fields": {"name": "German (A1.1)", "created_at": "2019-10-01T14:07:40.199Z", "created_by": 1}}, {"model": "flashcard.deck", "pk": 20, "fields": {"name": "Bla - Foo", "created_at": "2019-10-06T11:22:28.782Z", "created_by": 2}}, {"model": "flashcard.deck", "pk": 27, "fields": {"name": "Portugese - English", "created_at": "2019-10-16T08:36:45.958Z", "created_by": 4}}, {"model": "flashcard.deck", "pk": 29, "fields": {"name": "Foo - Bla", "created_at": "2019-10-19T10:22:44.579Z", "created_by": 4}}, {"model": "flashcard.deck", "pk": 30, "fields": {"name": "English - German", "created_at": "2019-10-24T08:11:39.356Z", "created_by": 8}}, {"model": "flashcard.deck", "pk": 32, "fields": {"name": "German (A2.1)", "created_at": "2019-11-11T16:37:10.762Z", "created_by": 1}}, {"model": "flashcard.entry", "pk": 3, "fields": {"from_word": "Der Mieter", "to_word": "tenant", "from_example": "Der Mieter ist weg.", "created_at": "2019-08-11T17:21:15.110Z", "created_by": 2, "deck": null, "tags": []}}, {"model": "flashcard.entry", "pk": 6, "fields": {"from_word": "der Apfel", "to_word": "Apple", "from_example": "Die Kuh isst den Apfel.", "created_at": "2019-09-04T10:59:17.769Z", "created_by": 1, "deck": null, "tags": []}}, {"model": "flashcard.entry", "pk": 7, "fields": {"from_word": "Die Zeitung", "to_word": "Newspaper", "from_example": "Ich lese die Zeitung.", "created_at": "2019-09-04T17:40:50.743Z", "created_by": 1, "deck": 12, "tags": [5]}}, {"model": "flashcard.entry", "pk": 8, "fields": {"from_word": "Saudade", "to_word": "Longing/ Missing", "from_example": "Que saudade de voc\u00ea!", "created_at": "2019-09-07T11:22:10.984Z", "created_by": 4, "deck": 27, "tags": [25]}}, {"model": "flashcard.entry", "pk": 9, "fields": {"from_word": "der Zug", "to_word": "train", "from_example": "Ich bin mit dem Zug unterwegs", "created_at": "2019-09-07T16:52:51.124Z", "created_by": 1, "deck": 12, "tags": [5]}}, {"model": "flashcard.entry", "pk": 10, "fields": {"from_word": "das Flugzeug", "to_word": "airplane", "from_example": "Ich sehe ein Flugzeug", "created_at": "2019-09-07T16:54:28.247Z", "created_by": 2, "deck": null, "tags": []}}, {"model": "flashcard.entry", "pk": 11, "fields": {"from_word": "das Salz", "to_word": "salt", "from_example": "Das Essen enth\u00e4lt viel Salz", "created_at": "2019-09-07T17:02:18.950Z", "created_by": 1, "deck": 12, "tags": [5]}}, {"model": "flashcard.entry", "pk": 12, "fields": {"from_word": "klug", "to_word": "clever", "from_example": "John ist eine kluge Katze.", "created_at": "2019-09-07T17:06:57.100Z", "created_by": 3, "deck": null, "tags": []}}, {"model": "flashcard.entry", "pk": 13, "fields": {"from_word": "ansehen", "to_word": "to watch", "from_example": "Erfan sieht oft Fern an.", "created_at": "2019-09-10T08:39:12.229Z", "created_by": 5, "deck": null, "tags": []}}, {"model": "flashcard.entry", "pk": 14, "fields": {"from_word": "einfach", "to_word": "just", "from_example": "Einfach kaufen.", "created_at": "2019-09-10T09:59:09.801Z", "created_by": 6, "deck": 12, "tags": []}}, {"model": "flashcard.entry", "pk": 22, "fields": {"from_word": "das viertel", "to_word": "quarter", "from_example": "Ich stehe um viertel nach eight auf.", "created_at": "2019-09-27T15:29:57.031Z", "created_by": 1, "deck": 12, "tags": [5]}}, {"model": "flashcard.entry", "pk": 23, "fields": {"from_word": "aufstehen", "to_word": "getting up (from bed)", "from_example": "Er steht auf", "created_at": "2019-09-27T15:32:46.942Z", "created_by": 1, "deck": 12, "tags": [7]}}, {"model": "flashcard.entry", "pk": 24, "fields": {"from_word": "lesen", "to_word": "to read", "from_example": "ihr lest der buch", "created_at": "2019-09-27T15:34:36.524Z", "created_by": 1, "deck": 12, "tags": [7]}}, {"model": "flashcard.entry", "pk": 25, "fields": {"from_word": "Olvidar", "to_word": "forget", "from_example": "Nunca te olvidar\u00e9!", "created_at": "2019-10-01T09:17:53.759Z", "created_by": 7, "deck": 13, "tags": []}}, {"model": "flashcard.entry", "pk": 26, "fields": {"from_word": "Fahrrad fahren", "to_word": "riding a bicycle", "from_example": "ich fahre | du f\u00e4hrst | er/sie/es f\u00e4hrt |\r\nwir fahren | ihr fahrt | sie/Sie fahren |\r\n\r\nKannst du Fahrrad fahren? |\r\nFahrst du gerne Fahrrad?", "created_at": "2019-10-01T14:12:48.691Z", "created_by": 1, "deck": 14, "tags": [7]}}, {"model": "flashcard.entry", "pk": 27, "fields": {"from_word": "k\u00f6nnen", "to_word": "can", "from_example": "ich kann | du kannst | er/sie/es kann | wir k\u00f6nnen | ihr k\u00f6nnt | sie/Sie k\u00f6nnen |\r\n\r\nsie kann sehr gut schwimmen |", "created_at": "2019-10-01T14:16:45.978Z", "created_by": 1, "deck": 14, "tags": [7]}}, {"model": "flashcard.entry", "pk": 28, "fields": {"from_word": "die Antwort", "to_word": "answer", "from_example": "Die Antwort ist richtig", "created_at": "2019-10-01T14:18:43.873Z", "created_by": 1, "deck": 14, "tags": [5]}}, {"model": "flashcard.entry", "pk": 29, "fields": {"from_word": "m\u00f6gen", "to_word": "like", "from_example": "ich mag | du magst | er/sie/es mag | \r\nwir m\u00f6gen | ihr m\u00f6gst | sie/Sie m\u00f6gen |\r\n\r\nMagst du musik? | Mag er kuchen backen? | Ich mag (k)einen kaffee |", "created_at": "2019-10-01T14:24:34.401Z", "created_by": 1, "deck": 14, "tags": [7]}}, {"model": "flashcard.entry", "pk": 30, "fields": {"from_word": "kochen", "to_word": "cooking", "from_example": "ich koche | du kochst | er/sie/es kocht | wir kochen | ihr kocht | sie/Sie kochen |\r\n\r\nkannst du nicht kochen???!", "created_at": "2019-10-01T14:26:50.162Z", "created_by": 1, "deck": 14, "tags": [7]}}, {"model": "flashcard.entry", "pk": 31, "fields": {"from_word": "reiten", "to_word": "riding (e.g. horse)", "from_example": "ich reite | du reitest | er/sie/es reitet | \r\nwir reiten | ihr reitet | sie/Sie reiten |\r\n\r\nk\u00f6nnt ihr ohne problem reiten?", "created_at": "2019-10-01T14:31:56.192Z", "created_by": 1, "deck": 14, "tags": [7]}}, {"model": "flashcard.entry", "pk": 32, "fields": {"from_word": "malen", "to_word": "to paint", "from_example": "ich male | du malst | er/sie/es malt | \r\nwir malen | ihr malt | sie/Sie malen |\r\n\r\nmalst du gerne?", "created_at": "2019-10-01T14:34:38.734Z", "created_by": 1, "deck": 14, "tags": [7]}}, {"model": "flashcard.entry", "pk": 33, "fields": {"from_word": "fotografieren", "to_word": "to photograph", "from_example": "m\u00f6gen Sie fotografieren?", "created_at": "2019-10-01T14:37:05.485Z", "created_by": 1, "deck": 14, "tags": [7]}}, {"model": "flashcard.entry", "pk": 34, "fields": {"from_word": "spielen", "to_word": "to play", "from_example": "ich spiele | du spielst | er/sie/es spielt | \r\nwir spielen | ihr spielt | sie/Sie spielen |\r\n\r\nkannst du normalerweise Fu\u00dfball spielen?", "created_at": "2019-10-01T14:43:30.995Z", "created_by": 1, "deck": 14, "tags": [7]}}, {"model": "flashcard.entry", "pk": 35, "fields": {"from_word": "singen", "to_word": "to sing", "from_example": "k\u00f6nnt ihr Sehr gut singen? | singt ihr gerne? |", "created_at": "2019-10-01T14:47:15.789Z", "created_by": 1, "deck": 14, "tags": [7]}}, {"model": "flashcard.entry", "pk": 36, "fields": {"from_word": "sprechen", "to_word": "to speak", "from_example": "ich spreche | du sprichst | er/sie/es spricht | \r\nwir sprechen | ihr sprecht | sie/Sie sprechen |", "created_at": "2019-10-01T14:49:48.400Z", "created_by": 1, "deck": 14, "tags": [7]}}, {"model": "flashcard.entry", "pk": 37, "fields": {"from_word": "machen", "to_word": "to do", "from_example": "ich mache | du machst | er/sie/es macht | \r\nwir machen | ihr macht | sie/Sie machen |\r\n\r\nkannst du handstand machen?", "created_at": "2019-10-01T14:58:21.848Z", "created_by": 1, "deck": 14, "tags": [7]}}, {"model": "flashcard.entry", "pk": 38, "fields": {"from_word": "backen", "to_word": "to bake", "from_example": "ich backe | du b\u00e4ckst | er/sie/es b\u00e4ckt | \r\nwir backen | ihr backt | sie/Sie backen |\r\n\r\nb\u00e4ckst du gerne kucken?", "created_at": "2019-10-01T15:00:25.772Z", "created_by": 1, "deck": 14, "tags": [7]}}, {"model": "flashcard.entry", "pk": 39, "fields": {"from_word": "angeln", "to_word": "to fish", "from_example": "ich angle | du angelst | er/sie/es angelt | \r\nwir angeln | ihr angelt | sie/Sie angeln |\r\n\r\nkann er angeln?", "created_at": "2019-10-01T15:02:44.278Z", "created_by": 1, "deck": 14, "tags": [7]}}, {"model": "flashcard.entry", "pk": 40, "fields": {"from_word": "tanzen", "to_word": "to dance", "from_example": "ich tanze | du tanzt | er/sie/es tanzt | \r\nwir tanzen | ihr tanzt | sie/Sie tanzen |\r\n\r\ntanzt du gerne Tango?", "created_at": "2019-10-01T15:04:45.293Z", "created_by": 1, "deck": 14, "tags": [7]}}, {"model": "flashcard.entry", "pk": 41, "fields": {"from_word": "die Frage", "to_word": "question", "from_example": "Wer hat eine Frage?", "created_at": "2019-10-01T15:06:04.665Z", "created_by": 1, "deck": 14, "tags": [5]}}, {"model": "flashcard.entry", "pk": 42, "fields": {"from_word": "wann", "to_word": "when", "from_example": "Wann lernst du Deutsch?", "created_at": "2019-10-02T13:33:59.331Z", "created_by": 1, "deck": 14, "tags": [9]}}, {"model": "flashcard.entry", "pk": 43, "fields": {"from_word": "am", "to_word": "on", "from_example": "am Dinstag | am Montag", "created_at": "2019-10-02T13:35:31.354Z", "created_by": 1, "deck": 14, "tags": [11]}}, {"model": "flashcard.entry", "pk": 44, "fields": {"from_word": "heute", "to_word": "today", "from_example": "", "created_at": "2019-10-02T13:35:49.114Z", "created_by": 1, "deck": 14, "tags": [9]}}, {"model": "flashcard.entry", "pk": 45, "fields": {"from_word": "morgen", "to_word": "tomorrow", "from_example": "", "created_at": "2019-10-02T13:36:11.056Z", "created_by": 1, "deck": 14, "tags": [9]}}, {"model": "flashcard.entry", "pk": 46, "fields": {"from_word": "\u00fcbermorgen", "to_word": "day after tomorrow", "from_example": "", "created_at": "2019-10-02T13:36:58.917Z", "created_by": 1, "deck": 14, "tags": [9]}}, {"model": "flashcard.entry", "pk": 47, "fields": {"from_word": "jaden tag", "to_word": "everyday", "from_example": "ich lerne Deutsch jaden tag", "created_at": "2019-10-02T13:38:48.230Z", "created_by": 1, "deck": 14, "tags": [9]}}, {"model": "flashcard.entry", "pk": 48, "fields": {"from_word": "diese woche", "to_word": "this week", "from_example": "was machst du diese woche?", "created_at": "2019-10-02T13:40:13.024Z", "created_by": 1, "deck": 14, "tags": [9]}}, {"model": "flashcard.entry", "pk": 49, "fields": {"from_word": "n\u00e4chste woche", "to_word": "next week", "from_example": "hast du n\u00e4chste woche zeit?", "created_at": "2019-10-02T13:41:37.119Z", "created_by": 1, "deck": 14, "tags": [9]}}, {"model": "flashcard.entry", "pk": 50, "fields": {"from_word": "diesen monat", "to_word": "this month", "from_example": "gehst du diesen monat in den Urlaub?", "created_at": "2019-10-02T13:43:57.947Z", "created_by": 1, "deck": 14, "tags": []}}, {"model": "flashcard.entry", "pk": 51, "fields": {"from_word": "n\u00e4chsten monat", "to_word": "next month", "from_example": "gehst du n\u00e4chsten monat in den Urlaub?", "created_at": "2019-10-02T13:44:52.181Z", "created_by": 1, "deck": 14, "tags": [9]}}, {"model": "flashcard.entry", "pk": 52, "fields": {"from_word": "dieses jahre", "to_word": "this year", "from_example": "gehst du dieses jahre in den Urlaub?", "created_at": "2019-10-02T13:46:10.930Z", "created_by": 1, "deck": 14, "tags": [9]}}, {"model": "flashcard.entry", "pk": 53, "fields": {"from_word": "wie lange", "to_word": "how long?", "from_example": "wie lange ist der Deutschkurse?", "created_at": "2019-10-02T13:51:00.907Z", "created_by": 1, "deck": 14, "tags": [9]}}, {"model": "flashcard.entry", "pk": 54, "fields": {"from_word": "stunden", "to_word": "hours", "from_example": "zwei stunden lang", "created_at": "2019-10-02T13:52:07.672Z", "created_by": 1, "deck": 14, "tags": [7, 8]}}, {"model": "flashcard.entry", "pk": 55, "fields": {"from_word": "von - bis", "to_word": "from - to", "from_example": "von 18:30pm bis 20:30pm", "created_at": "2019-10-02T13:53:00.105Z", "created_by": 1, "deck": 14, "tags": [8]}}, {"model": "flashcard.entry", "pk": 56, "fields": {"from_word": "wie oft", "to_word": "how often", "from_example": "wie oft lernst du Deutsch?", "created_at": "2019-10-02T13:53:41.726Z", "created_by": 1, "deck": 14, "tags": [8, 9]}}, {"model": "flashcard.entry", "pk": 57, "fields": {"from_word": "nie", "to_word": "never", "from_example": "ich lerne nie Spanisch", "created_at": "2019-10-02T14:01:27.342Z", "created_by": 1, "deck": 14, "tags": [9]}}, {"model": "flashcard.entry", "pk": 58, "fields": {"from_word": "selten", "to_word": "seldom", "from_example": "ihr lernt selten Spanisch", "created_at": "2019-10-02T14:02:36.862Z", "created_by": 1, "deck": 14, "tags": [9]}}, {"model": "flashcard.entry", "pk": 59, "fields": {"from_word": "manchmal", "to_word": "sometimes", "from_example": "ich swimme manchmal im Seepark", "created_at": "2019-10-02T14:03:58.873Z", "created_by": 1, "deck": 14, "tags": [9]}}, {"model": "flashcard.entry", "pk": 60, "fields": {"from_word": "oft", "to_word": "often", "from_example": "du sprichst oft deutsch", "created_at": "2019-10-02T14:04:49.259Z", "created_by": 1, "deck": 14, "tags": [9]}}, {"model": "flashcard.entry", "pk": 61, "fields": {"from_word": "immer", "to_word": "always", "from_example": "ich laufe immer im Park.", "created_at": "2019-10-02T14:06:40.101Z", "created_by": 1, "deck": 14, "tags": [9]}}, {"model": "flashcard.entry", "pk": 62, "fields": {"from_word": "x mal pro tag", "to_word": "x times per day", "from_example": "ich drinke tee drei mal pro tag.", "created_at": "2019-10-02T14:09:23.066Z", "created_by": 1, "deck": 14, "tags": [8, 9]}}, {"model": "flashcard.entry", "pk": 63, "fields": {"from_word": "das kino", "to_word": "cinema", "from_example": "hast du Lust auf kino?", "created_at": "2019-10-02T14:32:31.354Z", "created_by": 1, "deck": 14, "tags": [5]}}, {"model": "flashcard.entry", "pk": 64, "fields": {"from_word": "wie w\u00e4r es mit", "to_word": "how about", "from_example": "am donnerstag kann ich leider nicht, wie w\u00e4r's mit Freitag?", "created_at": "2019-10-02T14:35:03.044Z", "created_by": 1, "deck": 14, "tags": [8]}}, {"model": "flashcard.entry", "pk": 66, "fields": {"from_word": "wollen", "to_word": "to want to", "from_example": "ich will | du willst | er/sie/es will | \r\nwir wollen | ihr wollt | sie/Sie wollen | \r\n\r\nWollen wir ins Kino gehen? | \r\nWas willst du heute Abend machen? |", "created_at": "2019-10-04T14:49:53.098Z", "created_by": 1, "deck": 14, "tags": [7]}}, {"model": "flashcard.entry", "pk": 67, "fields": {"from_word": "langweilig", "to_word": "boring", "from_example": "Wie w\u00e4r's mit heute Abend spazieren gehen? Nein, das ist langweilig.", "created_at": "2019-10-04T15:00:28.137Z", "created_by": 1, "deck": 14, "tags": [6]}}, {"model": "flashcard.entry", "pk": 68, "fields": {"from_word": "das Haus", "to_word": "house", "from_example": "ich wohne in ein Haus. | \r\nIch habe f\u00fcnf H\u00e4user. |", "created_at": "2019-10-04T15:06:49.260Z", "created_by": 1, "deck": 14, "tags": [5]}}, {"model": "flashcard.entry", "pk": 69, "fields": {"from_word": "die wohnung", "to_word": "flat", "from_example": "ich wohne in ein wohnung. |\r\nich habe Freunden in viele wohnungen. |", "created_at": "2019-10-04T15:09:14.575Z", "created_by": 1, "deck": 14, "tags": [5]}}, {"model": "flashcard.entry", "pk": 70, "fields": {"from_word": "das Zimmer", "to_word": "room", "from_example": "Ich schlafe in mein Zimmer gerne. | \r\nSie haben vier Zimmer. |\r\n\r\nWie viele Zimmer hast du? |", "created_at": "2019-10-04T15:15:17.755Z", "created_by": 1, "deck": 14, "tags": [5]}}, {"model": "flashcard.entry", "pk": 71, "fields": {"from_word": "das Wohnzimmer", "to_word": "living room", "from_example": "ich im Wohnzimmer TV sehen. |", "created_at": "2019-10-04T15:16:57.548Z", "created_by": 1, "deck": 14, "tags": [5]}}, {"model": "flashcard.entry", "pk": 72, "fields": {"from_word": "das Schlafzimmer", "to_word": "bedroom", "from_example": "schl\u00e4fst du noch im Schlafzimmer ???", "created_at": "2019-10-04T15:21:38.424Z", "created_by": 1, "deck": 14, "tags": [5]}}, {"model": "flashcard.entry", "pk": 73, "fields": {"from_word": "die K\u00fcche", "to_word": "kitchen", "from_example": "ich stehe in k\u00fcche gerne!", "created_at": "2019-10-04T15:22:40.628Z", "created_by": 1, "deck": 14, "tags": [5]}}, {"model": "flashcard.entry", "pk": 74, "fields": {"from_word": "das Bad", "to_word": "bathroom", "from_example": "Er duscht in das Bad. |", "created_at": "2019-10-04T15:23:33.914Z", "created_by": 1, "deck": 14, "tags": [5]}}, {"model": "flashcard.entry", "pk": 75, "fields": {"from_word": "der Balkon", "to_word": "balcony", "from_example": "Hast du einen Balkon? |\r\nHast du zwei Balkone? |", "created_at": "2019-10-04T15:24:56.559Z", "created_by": 1, "deck": 14, "tags": [5]}}, {"model": "flashcard.entry", "pk": 76, "fields": {"from_word": "der Garten", "to_word": "garden", "from_example": "Meine Hous hat einen Garten.", "created_at": "2019-10-04T15:26:34.983Z", "created_by": 1, "deck": 14, "tags": [5]}}, {"model": "flashcard.entry", "pk": 77, "fields": {"from_word": "der Nachbar", "to_word": "neighbor", "from_example": "Ich habe sieben Nachbarn. |", "created_at": "2019-10-04T15:28:12.358Z", "created_by": 1, "deck": 14, "tags": [5]}}, {"model": "flashcard.entry", "pk": 78, "fields": {"from_word": "das Haustier", "to_word": "pet", "from_example": "ich mag keine Haustiere! |", "created_at": "2019-10-04T15:30:44.727Z", "created_by": 1, "deck": 14, "tags": [5]}}, {"model": "flashcard.entry", "pk": 79, "fields": {"from_word": "zusammen", "to_word": "together", "from_example": "ich wohne zusammen mit meine Freunden.", "created_at": "2019-10-04T15:32:12.130Z", "created_by": 1, "deck": 14, "tags": [9]}}, {"model": "flashcard.entry", "pk": 80, "fields": {"from_word": "allein", "to_word": "alone", "from_example": "ich esse Fr\u00fchst\u00fcck allein.", "created_at": "2019-10-04T15:33:06.969Z", "created_by": 1, "deck": 14, "tags": [6]}}, {"model": "flashcard.entry", "pk": 81, "fields": {"from_word": "teuer", "to_word": "expensive", "from_example": "Wie teuer ist deine wohnung?", "created_at": "2019-10-04T15:34:12.530Z", "created_by": 1, "deck": 14, "tags": [6]}}, {"model": "flashcard.entry", "pk": 82, "fields": {"from_word": "g\u00fcnstig", "to_word": "cheap", "from_example": "der kaffee ist gut und g\u00fcnstig. |", "created_at": "2019-10-04T15:36:47.905Z", "created_by": 1, "deck": 14, "tags": [6]}}, {"model": "flashcard.entry", "pk": 83, "fields": {"from_word": "in der n\u00e4he von", "to_word": "in the vicinity of", "from_example": "Das Krankenhaus ist in der N\u00e4he meines Hauses |", "created_at": "2019-10-04T15:41:57.646Z", "created_by": 1, "deck": 14, "tags": [8]}}, {"model": "flashcard.entry", "pk": 84, "fields": {"from_word": "die Stra\u00dfe", "to_word": "street", "from_example": "In welcher Stra\u00dfe wohnst du? |", "created_at": "2019-10-04T15:43:30.124Z", "created_by": 1, "deck": 14, "tags": [5]}}, {"model": "flashcard.entry", "pk": 85, "fields": {"from_word": "zentral", "to_word": "central", "from_example": "Wohnst du zentral? |", "created_at": "2019-10-04T15:44:14.923Z", "created_by": 1, "deck": 14, "tags": [6]}}, {"model": "flashcard.entry", "pk": 88, "fields": {"from_word": "blabla", "to_word": "foofoo", "from_example": "yep", "created_at": "2019-10-06T11:22:42.042Z", "created_by": 2, "deck": 20, "tags": []}}, {"model": "flashcard.entry", "pk": 94, "fields": {"from_word": "Thingy-magic", "to_word": "A wonderful falafel like organism", "from_example": "You are a thingymagic in my life", "created_at": "2019-10-19T10:24:09.583Z", "created_by": 4, "deck": 29, "tags": []}}, {"model": "flashcard.entry", "pk": 99, "fields": {"from_word": "the house", "to_word": "das Haus", "from_example": "", "created_at": "2019-10-24T08:12:35.563Z", "created_by": 8, "deck": 30, "tags": []}}, {"model": "flashcard.entry", "pk": 102, "fields": {"from_word": "die Fenster", "to_word": "window", "from_example": "", "created_at": "2019-11-06T19:03:31.195Z", "created_by": 1, "deck": 14, "tags": [5]}}, {"model": "flashcard.entry", "pk": 103, "fields": {"from_word": "Trennbare Verben", "to_word": "Separable Verbs", "from_example": "auf + stehen -> aufstehen |\r\nCommon prefixes: ab-, an-, auf-, aus-, ein-, mit-, nach-, vor-, zu-, zuru\u0308ck- |", "created_at": "2019-11-11T16:39:08.529Z", "created_by": 1, "deck": 32, "tags": [27]}}, {"model": "flashcard.entry", "pk": 104, "fields": {"from_word": "abfahren [sep]", "to_word": "to depart", "from_example": "Wann f\u00e4hrst du morgen ab? |", "created_at": "2019-11-11T16:50:36.425Z", "created_by": 1, "deck": 32, "tags": [7]}}, {"model": "flashcard.entry", "pk": 105, "fields": {"from_word": "abholen [sep]", "to_word": "to pick up, to collect", "from_example": "Holst du mich am Flughafen ab? |", "created_at": "2019-11-11T16:54:17.922Z", "created_by": 1, "deck": 32, "tags": [7]}}, {"model": "flashcard.entry", "pk": 106, "fields": {"from_word": "anfangen [sep]", "to_word": "to start, to begin", "from_example": "Bald f\u00e4ngt der Winter an. |\r\nHast du den Aufsatz schon angefangen? |", "created_at": "2019-11-11T16:56:52.386Z", "created_by": 1, "deck": 32, "tags": [7]}}, {"model": "flashcard.entry", "pk": 107, "fields": {"from_word": "ankommen [sep]", "to_word": "to arrive", "from_example": "Wann kommt der Zug an? |", "created_at": "2019-11-11T16:58:50.265Z", "created_by": 1, "deck": 32, "tags": [7]}}, {"model": "flashcard.entry", "pk": 108, "fields": {"from_word": "aufho\u0308ren [sep]", "to_word": "to stop", "from_example": "Wann h\u00f6rt der Regen endlich auf? |", "created_at": "2019-11-11T17:00:56.657Z", "created_by": 1, "deck": 32, "tags": [7]}}, {"model": "flashcard.entry", "pk": 109, "fields": {"from_word": "ausgehen [sep]", "to_word": "to go out", "from_example": "W\u00fcrden Sie mit mir ausgehen? |", "created_at": "2019-11-11T17:02:48.250Z", "created_by": 1, "deck": 32, "tags": [7]}}, {"model": "flashcard.entry", "pk": 110, "fields": {"from_word": "einladen [sep]", "to_word": "to invite", "from_example": "Wir sind morgen bei unseren Nachbarn zum Kaffee eingeladen. |", "created_at": "2019-11-11T17:04:17.209Z", "created_by": 1, "deck": 32, "tags": [7]}}, {"model": "flashcard.entry", "pk": 111, "fields": {"from_word": "fernsehen [sep]", "to_word": "to watch TV", "from_example": "Du siehst viel zu viel fern |", "created_at": "2019-11-11T17:06:52.093Z", "created_by": 1, "deck": 32, "tags": [7]}}, {"model": "flashcard.entry", "pk": 112, "fields": {"from_word": "Untrennbare Verben", "to_word": "Inseparable Verbs", "from_example": "eine Rechnung bar bezahlen |\r\nCommon prefixes: be-, er-, ge-, ver-.", "created_at": "2019-11-11T17:07:50.097Z", "created_by": 1, "deck": 32, "tags": [27]}}, {"model": "flashcard.entry", "pk": 113, "fields": {"from_word": "Nominative Case", "to_word": ".", "from_example": "The nominative is used when the noun is the subject of the sentence, i.e. the 'agent' of what is happening ('Who is doing the action?') |\r\n*Der Mann* liest. |", "created_at": "2019-11-11T17:15:43.101Z", "created_by": 1, "deck": 32, "tags": [27]}}, {"model": "flashcard.entry", "pk": 114, "fields": {"from_word": "Accusative Case", "to_word": ".", "from_example": "When the noun is the direct object, i.e. the 'receiver' of the action in the sentence, German normally uses the accusative ('Who or what is affected by the action?') |\r\n\r\nDer Mann liest *einen Roman*. |", "created_at": "2019-11-11T17:17:25.681Z", "created_by": 1, "deck": 32, "tags": [27]}}, {"model": "flashcard.entry", "pk": 115, "fields": {"from_word": "Dative Case", "to_word": ".", "from_example": "In addition to the direct object, many verbs can take a second object, the indirect object ('To whom/what, or for whom/what is the action done?') |\r\n\r\nDer Mann gibt *der Frau* einen Roman. |", "created_at": "2019-11-11T17:19:41.583Z", "created_by": 1, "deck": 32, "tags": [27]}}, {"model": "tags.tag", "pk": 5, "fields": {"name": "noun", "created_by": 1, "created_at": "2019-10-06T11:06:03.617Z"}}, {"model": "tags.tag", "pk": 6, "fields": {"name": "adjective", "created_by": 1, "created_at": "2019-10-06T11:06:18.710Z"}}, {"model": "tags.tag", "pk": 7, "fields": {"name": "verb", "created_by": 1, "created_at": "2019-10-06T11:06:27.492Z"}}, {"model": "tags.tag", "pk": 8, "fields": {"name": "phrase", "created_by": 1, "created_at": "2019-10-06T11:06:35.778Z"}}, {"model": "tags.tag", "pk": 9, "fields": {"name": "adverb", "created_by": 1, "created_at": "2019-10-06T11:10:27.609Z"}}, {"model": "tags.tag", "pk": 11, "fields": {"name": "preposition", "created_by": 1, "created_at": "2019-10-07T16:52:06.569Z"}}, {"model": "tags.tag", "pk": 25, "fields": {"name": "phrase", "created_by": 4, "created_at": "2019-10-16T08:36:22.959Z"}}, {"model": "tags.tag", "pk": 27, "fields": {"name": "grammer", "created_by": 1, "created_at": "2019-11-11T16:37:50.323Z"}}, {"model": "admin.logentry", "pk": 1, "fields": {"action_time": "2019-08-11T17:21:15.111Z", "user": 2, "content_type": 7, "object_id": "3", "object_repr": "Der Mieter-->tenant | by: admin", "action_flag": 1, "change_message": "[{\"added\": {}}]"}}, {"model": "admin.logentry", "pk": 2, "fields": {"action_time": "2019-08-28T13:40:04.852Z", "user": 2, "content_type": 7, "object_id": "4", "object_repr": "chair-->stuhl | by: erfan", "action_flag": 1, "change_message": "[{\"added\": {}}]"}}, {"model": "admin.logentry", "pk": 3, "fields": {"action_time": "2019-09-07T10:05:10.148Z", "user": 2, "content_type": 4, "object_id": "1", "object_repr": "erfan", "action_flag": 2, "change_message": "[{\"changed\": {\"fields\": [\"password\"]}}]"}}, {"model": "admin.logentry", "pk": 4, "fields": {"action_time": "2019-09-07T17:04:24.109Z", "user": 2, "content_type": 4, "object_id": "3", "object_repr": "john", "action_flag": 2, "change_message": "[{\"changed\": {\"fields\": [\"password\"]}}]"}}, {"model": "admin.logentry", "pk": 5, "fields": {"action_time": "2019-09-07T17:04:35.079Z", "user": 2, "content_type": 4, "object_id": "3", "object_repr": "john", "action_flag": 2, "change_message": "[]"}}, {"model": "admin.logentry", "pk": 6, "fields": {"action_time": "2019-09-07T17:08:09.943Z", "user": 2, "content_type": 7, "object_id": "8", "object_repr": "Saudade-->Longing/ Missing | by: theworldoftheness", "action_flag": 2, "change_message": "[{\"changed\": {\"fields\": [\"created_by\"]}}]"}}, {"model": "admin.logentry", "pk": 7, "fields": {"action_time": "2019-09-12T17:04:52.770Z", "user": 2, "content_type": 4, "object_id": "1", "object_repr": "erfan", "action_flag": 2, "change_message": "[{\"changed\": {\"fields\": [\"email\", \"last_login\"]}}]"}}, {"model": "admin.logentry", "pk": 8, "fields": {"action_time": "2019-09-24T15:21:45.092Z", "user": 2, "content_type": 8, "object_id": "1", "object_repr": "german-->english", "action_flag": 1, "change_message": "[{\"added\": {}}]"}}, {"model": "admin.logentry", "pk": 9, "fields": {"action_time": "2019-09-24T15:22:01.911Z", "user": 2, "content_type": 8, "object_id": "1", "object_repr": "german-->english", "action_flag": 2, "change_message": "[]"}}, {"model": "admin.logentry", "pk": 10, "fields": {"action_time": "2019-09-24T15:22:39.512Z", "user": 2, "content_type": 7, "object_id": "5", "object_repr": "genau-->exactly | by: erfan", "action_flag": 2, "change_message": "[{\"changed\": {\"fields\": [\"from_example\", \"deck\"]}}]"}}, {"model": "admin.logentry", "pk": 11, "fields": {"action_time": "2019-09-26T15:20:17.064Z", "user": 2, "content_type": 8, "object_id": "5", "object_repr": "farsi-->english", "action_flag": 1, "change_message": "[{\"added\": {}}]"}}, {"model": "admin.logentry", "pk": 12, "fields": {"action_time": "2019-09-26T15:20:22.019Z", "user": 2, "content_type": 8, "object_id": "5", "object_repr": "farsi-->english", "action_flag": 2, "change_message": "[{\"changed\": {\"fields\": [\"created_by\"]}}]"}}, {"model": "admin.logentry", "pk": 13, "fields": {"action_time": "2019-09-26T15:20:26.304Z", "user": 2, "content_type": 8, "object_id": "4", "object_repr": "german-->english", "action_flag": 2, "change_message": "[]"}}, {"model": "admin.logentry", "pk": 14, "fields": {"action_time": "2019-09-26T15:20:43.847Z", "user": 2, "content_type": 8, "object_id": "6", "object_repr": "english-->farsi", "action_flag": 1, "change_message": "[{\"added\": {}}]"}}, {"model": "admin.logentry", "pk": 15, "fields": {"action_time": "2019-09-26T15:20:59.333Z", "user": 2, "content_type": 8, "object_id": "7", "object_repr": "polish-->english", "action_flag": 1, "change_message": "[{\"added\": {}}]"}}, {"model": "admin.logentry", "pk": 16, "fields": {"action_time": "2019-09-26T15:21:33.615Z", "user": 2, "content_type": 8, "object_id": "8", "object_repr": "english-->polish", "action_flag": 1, "change_message": "[{\"added\": {}}]"}}, {"model": "admin.logentry", "pk": 17, "fields": {"action_time": "2019-09-27T09:41:18.369Z", "user": 2, "content_type": 8, "object_id": "9", "object_repr": "english-->spanish", "action_flag": 3, "change_message": ""}}, {"model": "admin.logentry", "pk": 18, "fields": {"action_time": "2019-09-27T09:41:18.371Z", "user": 2, "content_type": 8, "object_id": "8", "object_repr": "english-->polish", "action_flag": 3, "change_message": ""}}, {"model": "admin.logentry", "pk": 19, "fields": {"action_time": "2019-09-27T09:41:18.372Z", "user": 2, "content_type": 8, "object_id": "7", "object_repr": "polish-->english", "action_flag": 3, "change_message": ""}}, {"model": "admin.logentry", "pk": 20, "fields": {"action_time": "2019-09-27T09:41:18.373Z", "user": 2, "content_type": 8, "object_id": "6", "object_repr": "english-->farsi", "action_flag": 3, "change_message": ""}}, {"model": "admin.logentry", "pk": 21, "fields": {"action_time": "2019-09-27T09:41:18.373Z", "user": 2, "content_type": 8, "object_id": "5", "object_repr": "farsi-->english", "action_flag": 3, "change_message": ""}}, {"model": "admin.logentry", "pk": 22, "fields": {"action_time": "2019-09-27T09:41:18.375Z", "user": 2, "content_type": 8, "object_id": "4", "object_repr": "german-->english", "action_flag": 3, "change_message": ""}}, {"model": "admin.logentry", "pk": 23, "fields": {"action_time": "2019-09-27T09:41:18.376Z", "user": 2, "content_type": 8, "object_id": "3", "object_repr": "german-->english", "action_flag": 3, "change_message": ""}}, {"model": "admin.logentry", "pk": 24, "fields": {"action_time": "2019-09-27T09:41:18.377Z", "user": 2, "content_type": 8, "object_id": "2", "object_repr": "german-->english", "action_flag": 3, "change_message": ""}}, {"model": "admin.logentry", "pk": 25, "fields": {"action_time": "2019-09-27T09:41:18.378Z", "user": 2, "content_type": 8, "object_id": "1", "object_repr": "german-->english", "action_flag": 3, "change_message": ""}}, {"model": "admin.logentry", "pk": 26, "fields": {"action_time": "2019-09-27T11:48:48.057Z", "user": 2, "content_type": 7, "object_id": "21", "object_repr": "bale-->ja | by: erfan", "action_flag": 2, "change_message": "[{\"changed\": {\"fields\": [\"deck\"]}}]"}}, {"model": "admin.logentry", "pk": 27, "fields": {"action_time": "2019-09-27T11:49:09.858Z", "user": 2, "content_type": 7, "object_id": "14", "object_repr": "einfach-->just | by: shanus", "action_flag": 2, "change_message": "[{\"changed\": {\"fields\": [\"deck\"]}}]"}}, {"model": "admin.logentry", "pk": 28, "fields": {"action_time": "2019-09-30T23:27:51.758Z", "user": 2, "content_type": 8, "object_id": "11", "object_repr": "farsi-->spanish", "action_flag": 3, "change_message": ""}}, {"model": "admin.logentry", "pk": 29, "fields": {"action_time": "2019-09-30T23:27:51.760Z", "user": 2, "content_type": 8, "object_id": "10", "object_repr": "english-->farsi", "action_flag": 3, "change_message": ""}}, {"model": "admin.logentry", "pk": 30, "fields": {"action_time": "2019-09-30T23:28:22.171Z", "user": 2, "content_type": 7, "object_id": "21", "object_repr": "yes-->ja | by: erfan", "action_flag": 3, "change_message": ""}}, {"model": "admin.logentry", "pk": 31, "fields": {"action_time": "2019-09-30T23:28:22.173Z", "user": 2, "content_type": 7, "object_id": "16", "object_repr": "nein-->no | by: erfan", "action_flag": 3, "change_message": ""}}, {"model": "admin.logentry", "pk": 32, "fields": {"action_time": "2019-09-30T23:28:22.174Z", "user": 2, "content_type": 7, "object_id": "15", "object_repr": "ja-->yes | by: erfan", "action_flag": 3, "change_message": ""}}, {"model": "admin.logentry", "pk": 33, "fields": {"action_time": "2019-09-30T23:28:31.593Z", "user": 2, "content_type": 7, "object_id": "24", "object_repr": "lesen-->to read | by: erfan", "action_flag": 2, "change_message": "[]"}}, {"model": "admin.logentry", "pk": 34, "fields": {"action_time": "2019-09-30T23:28:46.601Z", "user": 2, "content_type": 7, "object_id": "11", "object_repr": "das Salz-->salt | by: erfan", "action_flag": 2, "change_message": "[{\"changed\": {\"fields\": [\"deck\"]}}]"}}, {"model": "admin.logentry", "pk": 35, "fields": {"action_time": "2019-09-30T23:29:39.389Z", "user": 2, "content_type": 7, "object_id": "1", "object_repr": "kalt-->cold | by: erfan", "action_flag": 2, "change_message": "[{\"changed\": {\"fields\": [\"deck\"]}}]"}}, {"model": "admin.logentry", "pk": 36, "fields": {"action_time": "2019-09-30T23:29:41.642Z", "user": 2, "content_type": 7, "object_id": "1", "object_repr": "kalt-->cold | by: erfan", "action_flag": 2, "change_message": "[]"}}, {"model": "admin.logentry", "pk": 37, "fields": {"action_time": "2019-09-30T23:29:48.486Z", "user": 2, "content_type": 7, "object_id": "2", "object_repr": "Der Himmel-->sky | by: erfan", "action_flag": 2, "change_message": "[{\"changed\": {\"fields\": [\"deck\"]}}]"}}, {"model": "admin.logentry", "pk": 38, "fields": {"action_time": "2019-09-30T23:29:57.043Z", "user": 2, "content_type": 7, "object_id": "4", "object_repr": "chair-->stuhl | by: erfan", "action_flag": 2, "change_message": "[{\"changed\": {\"fields\": [\"deck\"]}}]"}}, {"model": "admin.logentry", "pk": 39, "fields": {"action_time": "2019-09-30T23:30:05.969Z", "user": 2, "content_type": 7, "object_id": "7", "object_repr": "Die Zeitung-->Newspaper | by: erfan", "action_flag": 2, "change_message": "[{\"changed\": {\"fields\": [\"deck\"]}}]"}}, {"model": "admin.logentry", "pk": 40, "fields": {"action_time": "2019-09-30T23:30:12.333Z", "user": 2, "content_type": 7, "object_id": "9", "object_repr": "der Zug-->train | by: erfan", "action_flag": 2, "change_message": "[{\"changed\": {\"fields\": [\"deck\"]}}]"}}, {"model": "admin.logentry", "pk": 41, "fields": {"action_time": "2019-09-30T23:30:26.614Z", "user": 2, "content_type": 7, "object_id": "9", "object_repr": "der Zug-->train | by: erfan", "action_flag": 2, "change_message": "[]"}}, {"model": "admin.logentry", "pk": 42, "fields": {"action_time": "2019-10-05T09:40:49.991Z", "user": 2, "content_type": 9, "object_id": "1", "object_repr": "tag1 | by: erfan", "action_flag": 1, "change_message": "[{\"added\": {}}]"}}, {"model": "admin.logentry", "pk": 43, "fields": {"action_time": "2019-10-05T09:40:59.307Z", "user": 2, "content_type": 9, "object_id": "2", "object_repr": "tag2 | by: erfan", "action_flag": 1, "change_message": "[{\"added\": {}}]"}}, {"model": "admin.logentry", "pk": 44, "fields": {"action_time": "2019-10-05T09:41:36.146Z", "user": 2, "content_type": 9, "object_id": "3", "object_repr": "tag3 | by: admin", "action_flag": 1, "change_message": "[{\"added\": {}}]"}}, {"model": "admin.logentry", "pk": 45, "fields": {"action_time": "2019-10-05T09:41:44.501Z", "user": 2, "content_type": 9, "object_id": "4", "object_repr": "tag4 | by: admin", "action_flag": 1, "change_message": "[{\"added\": {}}]"}}, {"model": "admin.logentry", "pk": 46, "fields": {"action_time": "2019-10-05T11:23:57.862Z", "user": 2, "content_type": 7, "object_id": "14", "object_repr": "einfach-->just | by: shanus", "action_flag": 2, "change_message": "[{\"changed\": {\"fields\": [\"tags\"]}}]"}}, {"model": "admin.logentry", "pk": 47, "fields": {"action_time": "2019-10-05T11:24:28.023Z", "user": 2, "content_type": 7, "object_id": "85", "object_repr": "zentral-->central | by: erfan", "action_flag": 2, "change_message": "[{\"changed\": {\"fields\": [\"tags\"]}}]"}}, {"model": "admin.logentry", "pk": 48, "fields": {"action_time": "2019-10-05T11:24:38.281Z", "user": 2, "content_type": 7, "object_id": "85", "object_repr": "zentral-->central | by: erfan", "action_flag": 2, "change_message": "[{\"changed\": {\"fields\": [\"tags\"]}}]"}}, {"model": "admin.logentry", "pk": 49, "fields": {"action_time": "2019-10-05T11:45:58.780Z", "user": 2, "content_type": 8, "object_id": "19", "object_repr": "filter-->test | by: erfan", "action_flag": 2, "change_message": "[]"}}, {"model": "admin.logentry", "pk": 50, "fields": {"action_time": "2019-10-05T11:46:10.154Z", "user": 2, "content_type": 7, "object_id": "87", "object_repr": "test_from_2-->test_to_2 | by: erfan", "action_flag": 2, "change_message": "[{\"changed\": {\"fields\": [\"tags\"]}}]"}}, {"model": "admin.logentry", "pk": 51, "fields": {"action_time": "2019-10-05T11:46:15.542Z", "user": 2, "content_type": 7, "object_id": "86", "object_repr": "test_from_1-->test_to_1 | by: erfan", "action_flag": 2, "change_message": "[{\"changed\": {\"fields\": [\"tags\"]}}]"}}, {"model": "admin.logentry", "pk": 52, "fields": {"action_time": "2019-10-05T11:58:14.580Z", "user": 2, "content_type": 7, "object_id": "87", "object_repr": "test_from_2-->test_to_2 | by: erfan", "action_flag": 2, "change_message": "[{\"changed\": {\"fields\": [\"tags\"]}}]"}}, {"model": "admin.logentry", "pk": 53, "fields": {"action_time": "2019-10-05T11:58:19.937Z", "user": 2, "content_type": 7, "object_id": "86", "object_repr": "test_from_1-->test_to_1 | by: erfan", "action_flag": 2, "change_message": "[{\"changed\": {\"fields\": [\"tags\"]}}]"}}, {"model": "admin.logentry", "pk": 54, "fields": {"action_time": "2019-10-06T11:06:03.618Z", "user": 2, "content_type": 9, "object_id": "5", "object_repr": "noun | by: erfan", "action_flag": 1, "change_message": "[{\"added\": {}}]"}}, {"model": "admin.logentry", "pk": 55, "fields": {"action_time": "2019-10-06T11:06:18.711Z", "user": 2, "content_type": 9, "object_id": "6", "object_repr": "adjective | by: erfan", "action_flag": 1, "change_message": "[{\"added\": {}}]"}}, {"model": "admin.logentry", "pk": 56, "fields": {"action_time": "2019-10-06T11:06:27.492Z", "user": 2, "content_type": 9, "object_id": "7", "object_repr": "verb | by: erfan", "action_flag": 1, "change_message": "[{\"added\": {}}]"}}, {"model": "admin.logentry", "pk": 57, "fields": {"action_time": "2019-10-06T11:06:35.778Z", "user": 2, "content_type": 9, "object_id": "8", "object_repr": "phrase | by: erfan", "action_flag": 1, "change_message": "[{\"added\": {}}]"}}, {"model": "admin.logentry", "pk": 58, "fields": {"action_time": "2019-10-06T11:07:27.335Z", "user": 2, "content_type": 7, "object_id": "82", "object_repr": "g\u00fcnstig-->cheap | by: erfan", "action_flag": 2, "change_message": "[{\"changed\": {\"fields\": [\"tags\"]}}]"}}, {"model": "admin.logentry", "pk": 59, "fields": {"action_time": "2019-10-06T11:07:42.383Z", "user": 2, "content_type": 7, "object_id": "85", "object_repr": "zentral-->central | by: erfan", "action_flag": 2, "change_message": "[{\"changed\": {\"fields\": [\"tags\"]}}]"}}, {"model": "admin.logentry", "pk": 60, "fields": {"action_time": "2019-10-06T11:07:52.060Z", "user": 2, "content_type": 7, "object_id": "84", "object_repr": "die Stra\u00dfe-->street | by: erfan", "action_flag": 2, "change_message": "[{\"changed\": {\"fields\": [\"tags\"]}}]"}}, {"model": "admin.logentry", "pk": 61, "fields": {"action_time": "2019-10-06T11:08:20.155Z", "user": 2, "content_type": 7, "object_id": "81", "object_repr": "teuer-->expensive | by: erfan", "action_flag": 2, "change_message": "[{\"changed\": {\"fields\": [\"tags\"]}}]"}}, {"model": "admin.logentry", "pk": 62, "fields": {"action_time": "2019-10-06T11:08:28.847Z", "user": 2, "content_type": 7, "object_id": "83", "object_repr": "in der n\u00e4he von-->in the vicinity of | by: erfan", "action_flag": 2, "change_message": "[{\"changed\": {\"fields\": [\"tags\"]}}]"}}, {"model": "admin.logentry", "pk": 63, "fields": {"action_time": "2019-10-06T11:09:13.755Z", "user": 2, "content_type": 7, "object_id": "81", "object_repr": "teuer-->expensive | by: erfan", "action_flag": 2, "change_message": "[]"}}, {"model": "admin.logentry", "pk": 64, "fields": {"action_time": "2019-10-06T11:10:27.610Z", "user": 2, "content_type": 9, "object_id": "9", "object_repr": "adverb | by: erfan", "action_flag": 1, "change_message": "[{\"added\": {}}]"}}, {"model": "admin.logentry", "pk": 65, "fields": {"action_time": "2019-10-06T11:10:30.236Z", "user": 2, "content_type": 7, "object_id": "79", "object_repr": "zusammen-->together | by: erfan", "action_flag": 2, "change_message": "[{\"changed\": {\"fields\": [\"tags\"]}}]"}}, {"model": "admin.logentry", "pk": 66, "fields": {"action_time": "2019-10-06T11:10:43.567Z", "user": 2, "content_type": 7, "object_id": "80", "object_repr": "allein-->alone | by: erfan", "action_flag": 2, "change_message": "[{\"changed\": {\"fields\": [\"tags\"]}}]"}}, {"model": "admin.logentry", "pk": 67, "fields": {"action_time": "2019-10-06T11:11:28.116Z", "user": 2, "content_type": 7, "object_id": "80", "object_repr": "allein-->alone | by: erfan", "action_flag": 2, "change_message": "[{\"changed\": {\"fields\": [\"tags\"]}}]"}}, {"model": "admin.logentry", "pk": 68, "fields": {"action_time": "2019-10-06T11:11:37.192Z", "user": 2, "content_type": 7, "object_id": "78", "object_repr": "das Haustier-->pet | by: erfan", "action_flag": 2, "change_message": "[{\"changed\": {\"fields\": [\"tags\"]}}]"}}, {"model": "admin.logentry", "pk": 69, "fields": {"action_time": "2019-10-06T11:11:46.379Z", "user": 2, "content_type": 7, "object_id": "77", "object_repr": "der Nachbar-->neighbor | by: erfan", "action_flag": 2, "change_message": "[{\"changed\": {\"fields\": [\"tags\"]}}]"}}, {"model": "admin.logentry", "pk": 70, "fields": {"action_time": "2019-10-06T11:11:53.206Z", "user": 2, "content_type": 7, "object_id": "76", "object_repr": "der Garten-->garden | by: erfan", "action_flag": 2, "change_message": "[{\"changed\": {\"fields\": [\"tags\"]}}]"}}, {"model": "admin.logentry", "pk": 71, "fields": {"action_time": "2019-10-06T11:12:11.790Z", "user": 2, "content_type": 9, "object_id": "4", "object_repr": "tag4 | by: admin", "action_flag": 3, "change_message": ""}}, {"model": "admin.logentry", "pk": 72, "fields": {"action_time": "2019-10-06T11:12:11.792Z", "user": 2, "content_type": 9, "object_id": "3", "object_repr": "tag3 | by: admin", "action_flag": 3, "change_message": ""}}, {"model": "admin.logentry", "pk": 73, "fields": {"action_time": "2019-10-06T11:12:11.793Z", "user": 2, "content_type": 9, "object_id": "2", "object_repr": "tag2 | by: erfan", "action_flag": 3, "change_message": ""}}, {"model": "admin.logentry", "pk": 74, "fields": {"action_time": "2019-10-06T11:12:11.794Z", "user": 2, "content_type": 9, "object_id": "1", "object_repr": "tag1 | by: erfan", "action_flag": 3, "change_message": ""}}, {"model": "admin.logentry", "pk": 75, "fields": {"action_time": "2019-10-06T11:23:03.664Z", "user": 2, "content_type": 9, "object_id": "10", "object_repr": "blatag | by: admin", "action_flag": 1, "change_message": "[{\"added\": {}}]"}}, {"model": "admin.logentry", "pk": 76, "fields": {"action_time": "2019-10-07T16:52:06.570Z", "user": 2, "content_type": 9, "object_id": "11", "object_repr": "preposition | by: erfan", "action_flag": 1, "change_message": "[{\"added\": {}}]"}}, {"model": "admin.logentry", "pk": 77, "fields": {"action_time": "2019-10-15T14:04:56.906Z", "user": 2, "content_type": 9, "object_id": "16", "object_repr": "bla | by: admin", "action_flag": 1, "change_message": "[{\"added\": {}}]"}}, {"model": "admin.logentry", "pk": 78, "fields": {"action_time": "2019-10-16T08:36:22.959Z", "user": 2, "content_type": 9, "object_id": "25", "object_repr": "phrase | by: theworldoftheness", "action_flag": 1, "change_message": "[{\"added\": {}}]"}}, {"model": "admin.logentry", "pk": 79, "fields": {"action_time": "2019-10-16T08:36:24.903Z", "user": 2, "content_type": 7, "object_id": "8", "object_repr": "Saudade-->Longing/ Missing | by: theworldoftheness", "action_flag": 2, "change_message": "[{\"changed\": {\"fields\": [\"tags\"]}}]"}}, {"model": "admin.logentry", "pk": 80, "fields": {"action_time": "2019-10-16T08:36:45.959Z", "user": 2, "content_type": 8, "object_id": "27", "object_repr": "Portugese-->english | by: theworldoftheness", "action_flag": 1, "change_message": "[{\"added\": {}}]"}}, {"model": "admin.logentry", "pk": 81, "fields": {"action_time": "2019-10-16T08:37:27.174Z", "user": 2, "content_type": 7, "object_id": "8", "object_repr": "Saudade-->Longing/ Missing | by: theworldoftheness", "action_flag": 2, "change_message": "[{\"changed\": {\"fields\": [\"deck\"]}}]"}}, {"model": "admin.logentry", "pk": 82, "fields": {"action_time": "2019-11-05T19:59:58.604Z", "user": 2, "content_type": 8, "object_id": "30", "object_repr": "english-->german | by: mikelmrtinez", "action_flag": 2, "change_message": "[{\"changed\": {\"fields\": [\"name\"]}}]"}}, {"model": "admin.logentry", "pk": 83, "fields": {"action_time": "2019-11-05T20:00:09.407Z", "user": 2, "content_type": 8, "object_id": "29", "object_repr": "foo-->bla | by: theworldoftheness", "action_flag": 2, "change_message": "[{\"changed\": {\"fields\": [\"name\"]}}]"}}, {"model": "admin.logentry", "pk": 84, "fields": {"action_time": "2019-11-05T20:00:27.122Z", "user": 2, "content_type": 8, "object_id": "28", "object_repr": "german_random-->english | by: erfan", "action_flag": 2, "change_message": "[{\"changed\": {\"fields\": [\"name\"]}}]"}}, {"model": "admin.logentry", "pk": 85, "fields": {"action_time": "2019-11-05T20:00:48.784Z", "user": 2, "content_type": 8, "object_id": "27", "object_repr": "Portugese-->english | by: theworldoftheness", "action_flag": 2, "change_message": "[{\"changed\": {\"fields\": [\"name\"]}}]"}}, {"model": "admin.logentry", "pk": 86, "fields": {"action_time": "2019-11-05T20:00:57.261Z", "user": 2, "content_type": 8, "object_id": "20", "object_repr": "bla-->foo | by: admin", "action_flag": 2, "change_message": "[{\"changed\": {\"fields\": [\"name\"]}}]"}}, {"model": "admin.logentry", "pk": 87, "fields": {"action_time": "2019-11-05T20:01:09.110Z", "user": 2, "content_type": 8, "object_id": "14", "object_repr": "German_A1.1-->English | by: erfan", "action_flag": 2, "change_message": "[{\"changed\": {\"fields\": [\"name\"]}}]"}}, {"model": "admin.logentry", "pk": 88, "fields": {"action_time": "2019-11-05T20:01:19.684Z", "user": 2, "content_type": 8, "object_id": "13", "object_repr": "Spanish-->English | by: aayush1995", "action_flag": 2, "change_message": "[{\"changed\": {\"fields\": [\"name\"]}}]"}}, {"model": "admin.logentry", "pk": 89, "fields": {"action_time": "2019-11-05T20:01:31.498Z", "user": 2, "content_type": 8, "object_id": "12", "object_repr": "german-->english | by: erfan", "action_flag": 2, "change_message": "[{\"changed\": {\"fields\": [\"name\"]}}]"}}]